{
    "for_x": [
        {
            "distance": 0.8,
            "x": 0.84,
            "y": 0.60
        },
        {
            "distance": 0.9,
            "x": 0.81,
            "y": 0.53
        },
        {
            "distance": 1.0,
            "x": 0.74,
            "y": 0.49
        },
        {
            "distance": 1.1,
            "x": 0.66,
            "y": 0.45
        },
        {
            "distance": 1.2,
            "x": 0.60,
            "y": 0.42
        },
        {
            "distance": 1.3,
            "x": 0.57,
            "y": 0.40
        },
        {
            "distance": 1.4,
            "x": 0.52,
            "y": 0.37
        },
        {
            "distance": 1.5,
            "x": 0.51,
            "y": 0.35
        },
        {
            "distance": 1.6,
            "x": 0.48,
            "y": 0.33
        },
        {
            "distance": 1.7,
            "x": 0.46,
            "y": 0.31
        },
        {
            "distance": 1.8,
            "x": 0.43,
            "y": 0.29
        },
        {
            "distance": 1.9,
            "x": 0.42,
            "y": 0.28
        },
        {
            "distance": 2.0,
            "x": 0.40,
            "y": 0.27
        }
    ],
    "for_y": [
        {
            "distance": 0.8,
            "x": 0.71,
            "y": 0.59
        },
        {
            "distance": 0.9,
            "x": 0.68,
            "y": 0.58
        },
        {
            "distance": 1.0,
            "x": 0.61,
            "y": 0.52
        },
        {
            "distance": 1.1,
            "x": 0.53,
            "y": 0.49
        },
        {
            "distance": 1.2,
            "x": 0.49,
            "y": 0.45
        },
        {
            "distance": 1.3,
            "x": 0.46,
            "y": 0.42
        },
        {
            "distance": 1.4,
            "x": 0.43,
            "y": 0.40
        },
        {
            "distance": 1.5,
            "x": 0.41,
            "y": 0.37
        },
        {
            "distance": 1.6,
            "x": 0.39,
            "y": 0.36
        },
        {
            "distance": 1.7,
            "x": 0.36,
            "y": 0.34
        },
        {
            "distance": 1.8,
            "x": 0.33,
            "y": 0.31
        },
        {
            "distance": 1.9,
            "x": 0.32,
            "y": 0.29
        },
        {
            "distance": 2.0,
            "x": 0.30,
            "y": 0.28
        }
    ]
}
